Product ID,Release,Product Position,section,terms,sku,name,description,Seasonal,Promotion,price,Sales Volume
179801,10/21/2023,Front of Store,MAN,jackets,311307255-800-2,CONTRASTING PATCHES BOMBER JACKET,Varsity jacket with elastic collar and long sleeves. Welt pockets at hip and interior pocket. Embroidered appliqué and contrast front and back patches. Rib trim. Front snap button closure.,Yes,No,$169.00 ,2608
183243,7/1/2023,Front of Store,MAN,jackets,328250627-251-46,SUIT JACKET,Straight fit jacket made of dense stretch fabric. Notched lapel collar and long sleeves with buttoned cuffs. Welt pocket at chest and flap pockets at hip. Interior pocket. Back vents. Front button closure.,No,Yes,$169.00 ,1524
177771,1/22/2023,End-cap,MAN,t-shirts,281883711-071-2,SUIT JACKET,Jacket with lightly padded interior. Corduroy lapel collar. Long sleeves. Patch pockets at hip. Front button closure.,Yes,Yes,$69.90 ,1764
171860,1/4/2023,Aisle,,t-shirts,323646471-802-2,PADDED DENIM JACKET,Slightly cropped denim jacket. Lapel collar and long sleeves with buttoned cuffs. Flap patch pocket at chest and side hip. Washed effect. Front button closure.,No,Yes,$109.00 ,707
166331,7/9/2023,Aisle,WOMAN,sweaters,324186867-642-2,ASYMMETRICAL WOOL AND SILK BLEND SWEATER,Wool and silk blend sweater. Asymmetric neckline and long sleeves.,Yes,Yes,$59.90 ,2877
166331,7/9/2023,Aisle,WOMAN,sweaters,324186867-642-2,ASYMMETRICAL WOOL AND SILK BLEND SWEATER,Wool and silk blend sweater. Asymmetric neckline and long sleeves.,Yes,Yes,$59.90 ,2877
,,,,,,,,,,,
178281,3/8/2024,End-cap,MAN,jackets,315758723-401-2,BOMBER JACKET,Varsity jacket. High collar and long sleeves. Welt pockets at hip and interior pocket. Rib trim. Front snap button closure.,Yes,No,$169.00 ,1145
155848,4/24/2023,End-cap,WOMAN,sweaters,324597432-800-2,MOCK NECK WOOL AND SILK BLEND KNIT TOP,Wool and silk blend top. High collar and long sleeves.,No,Yes,$49.90 ,1942
199233,1/15/2024,Aisle,MAN,jackets,330590505-500-2,CONTRASTING PATCHES BOMBER JACKET,Oversized jacket. Notched lapel collar and long sleeves. Flap pockets at hip and interior pocket. Front button closure.,No,Yes,$159.00 ,2222
181502,11/7/2023,Front of Store,WOMAN,sweaters,323175653-803-2,SOFT JEWEL SWEATER,Sweater made of soft touch fabric. Round neckline with jewel appliqués and long sleeves.,No,Yes,$39.90 ,2591
174708,3/5/2023,Front of Store,MAN,sweaters,317889153-700-3,ABSTRACT JACQUARD SWEATER,Full cut cotton knit sweater. Round neck and long sleeves. Rib trim.,Yes,No,$59.90 ,529
175059,8/19/2023,Aisle,MAN,jackets,311292572-401-2,LIGHTWEIGHT BOMBER JACKET,Lightweight jacket made of technical fabric. Round neck and long sleeves. Welt pockets at hip. Interior pocket. Rib trim. Front zip closure.,No,Yes,$49.90 ,2170
110329,2/3/2023,Front of Store,MAN,shoes,314937773-800-39,CONTRAST SOLE LEATHER SNEAKERS,Sneakers. Made of leather. Upper in a combination of pieces and finishes. Lacing with six pairs of eyelets. Rounded shape. Chunky sole.,Yes,No,$69.90 ,2397
,,,,,,,,,,,
127644,5/14/2023,Front of Store,MAN,shoes,311287075-120-39,TOPSTITCH SNEAKERS,Sneakers. Pieces and topstitching at upper. Lacing with six pairs of eyelets. Contrasting slightly chunky soles.,Yes,No,$45.90 ,1498
135036,7/7/2023,End-cap,WOMAN,sweaters,314152967-485-2,CABLE KNIT METALLIC SWEATER,Round neck long sleeve sweater. Metallic fabric detail and frayed trim.,No,Yes,$49.90 ,1435
150424,6/12/2023,Front of Store,MAN,jackets,313008692-514-2,PADDED CORDUROY OVERSHIRT,Overshirt with quilted interior. Lapel collar and long sleeves with buttoned cuffs. Flap patch pockets at chest and in-seam pockets at side hip. Front snap button closure.,Yes,No,$79.90 ,2067
171776,7/9/2023,Aisle,MAN,jeans,275600408-400-2,DENIM SHIRT,Relaxed fit shirt made of denim fabric. Lapel collar and short sleeves. Chest patch pocket. Washed effect. Front button closure.,No,Yes,$12.99 ,1685
165786,5/13/2023,End-cap,MAN,sweaters,315075917-803-2,CONTRAST INTERIOR SWEATER,Cotton blend sweater. Round neck and long sleeves. Contrast interior. Rib trim.,Yes,No,$59.90 ,1278
115153,2/28/2024,Aisle,WOMAN,sweaters,313890650-712-2,ALPACA BLEND OPEN KNIT SWEATER,Sweater made with 63% alpaca. Round neck and long sleeves.,No,No,$79.90 ,1736
175584,2/22/2023,Front of Store,MAN,jeans,324908098-800-38,BAGGY FIT JEANS LIMITED EDITION,Baggy jeans. Five pockets. Washed effect. Front zip and button closure.,No,No,$69.90 ,2084
132007,2/21/2023,Aisle,MAN,shoes,276378605-515-39,RETRO SNEAKERS,Sneakers. Upper in a combination of pieces and materials. Lacing with seven pairs of eyelets. Quilted back piece. Chunky sole. Retro style.,Yes,No,$9.99 ,2491
127314,10/30/2023,End-cap,MAN,shoes,311287147-723-39,FAUX SHEARLING LINED SUEDE BOOTS,Ankle boots. Made of leather with a suede finish. Faux shearling interior and side detail. Rounded shape. Welt around upper. Back pull tab. Chunky lug soles.,Yes,Yes,$99.90 ,2076
129898,12/22/2023,End-cap,MAN,t-shirts,322677489-800-2,HEART PRINT T-SHIRT,Boxy fit T-shirt with round neck and short sleeves. Contrasting prints at shoulder and back.,No,No,$39.90 ,1866
186638,5/6/2023,End-cap,MAN,shoes,311302598-500-39,RETRO RUNNING SNEAKERS,Running shoes. Upper in a combination of pieces and materials. Lacing with seven pairs of eyelets. Chunky lug soles. Retro-inspired design.,No,Yes,$59.90 ,1296
147690,2/3/2024,Aisle,MAN,t-shirts,322909502-819-2,STRIPED JACQUARD T-SHIRT,Relaxed fit T-shirt with round neck and short sleeves.,No,Yes,$39.90 ,881
110295,12/15/2023,End-cap,MAN,jackets,322547863-811-2,HOODED DENIM JACKET,Boxy fit jacket. High collar with adjustable hood and long sleeves with buttoned cuffs. Patch pockets with flaps at chest. Front straps with multi-functional ring. Washed effect. Front hidden zip and snap button closure.,No,Yes,$129.00 ,1448
149315,6/26/2023,End-cap,MAN,jackets,311292541-802-2,FLEECE BOMBER JACKET,Jacket made of faux shearling fabric. Rib elastic collar and long sleeves. Welt pockets at hip and interior pocket. Rib trim. Front zip closure.,No,Yes,$109.00 ,718
117751,9/17/2023,Aisle,MAN,jackets,323050745-798-97,CONTRAST JACQUARD JACKET,Full cut jacket with lapel collar and long sleeves. Front button closure.,No,No,$89.90 ,2749
182099,11/4/2023,Aisle,MAN,t-shirts,330478123-712-2,OVERSIZE FIT T-SHIRT,Oversized T-shirt. Round neck and short sleeves.,No,Yes,$39.90 ,1978
119044,7/3/2023,Aisle,MAN,sweaters,320026789-714-2,CROPPED LEATHER JACKET,Relaxed fit overshirt made of 25% wool fabric. Lapel collar and long sleeves with buttoned cuffs. Patch pocket at chest and side pockets at hip. Front button closure.,Yes,No,$169.00 ,1140
168270,8/26/2023,End-cap,MAN,shoes,311292281-203-39,MULTIPIECE SNEAKERS,Running shoes. Upper in a combination of pieces and finishes. Lacing with six pairs of eyelets. Chunky soles with irregular design. Lug soles. Trek style.,Yes,Yes,$69.90 ,1525
126979,1/21/2023,Front of Store,WOMAN,sweaters,311297787-806-1,KNIT SWEATER WITH PIPING,Round neck long sleeve sweater. Contrasting piping detail. Rib trim.,No,No,$49.90 ,2141
158958,4/29/2023,End-cap,MAN,t-shirts,320111404-428-2,RIBBED KNIT T-SHIRT,Cropped fit knit shirt. Round neck and long sleeves. Washed effect.,No,No,$45.90 ,903
173550,10/2/2023,End-cap,MAN,jackets,323646471-802-2,POCKET OVERSHIRT,Overshirt with lapel collar and long sleeves with buttoned cuffs. Chest patch pocket. Front button closure.,Yes,No,$59.90 ,1431
119049,12/6/2023,Aisle,MAN,jackets,323216360-406-2,POCKET DENIM OVERSHIRT,Boxy fit overshirt. Lapel collar and long sleeves with buttoned cuffs. Chest patch pockets. Washed effect. Front button closure.,Yes,No,$89.90 ,1659
193332,2/17/2023,Aisle,MAN,shoes,319205037-800-39,WOVEN LEATHER SLIDES,Sandals. Made of leather. Three woven wide straps at instep. Chunky sole.,No,Yes,$49.90 ,1237
122484,11/4/2023,Aisle,WOMAN,sweaters,319473750-809-1,V-NECK KNIT SWEATER,V-neck sweater with long sleeves. Side vents at hem.,Yes,Yes,$47.90 ,558
113143,5/5/2023,Aisle,MAN,jackets,316207900-710-2,HERRINGBONE TEXTURED JACKET,Jacket made of wool blend fabric. Lapel collar and long sleeves. Welt pockets at hip. Front zip closure.,Yes,Yes,$129.00 ,2663
182157,6/7/2023,Aisle,MAN,jackets,322972485-431-46,SUIT JACKET IN 100% LINEN,Straight fit blazer made of linen. Notched lapel collar and long sleeves with buttoned cuffs. Welt pocket at chest and flap pockets at hip. Interior pocket. Back vents. Front button closure.,No,No,$159.00 ,2421
166421,1/24/2024,End-cap,MAN,shoes,311302552-800-39,HIKING BOOTS,Lace-up boots. Upper in a combination of pieces and finishes. Laces with metal appliqués and seven pairs of eyelets. Welt detail around upper. Rounded shape. Chunky lug soles.,No,Yes,$79.90 ,2878
138505,10/27/2023,Front of Store,MAN,jackets,335663355-406-2,RIPPED DENIM JACKET,Denim jacket with lapel collar and long sleeves with buttoned cuffs. Flap pockets at chest and welt pockets at hip. All over washed effect and rips. Front button closure.,No,No,$69.90 ,2478
140142,1/23/2024,Front of Store,WOMAN,sweaters,328207551-500-2,KNIT OPEN BACK PEARLY SWEATER,High collar sweater with long sleeves. Open back detail and pearl appliqués. Back button closure.,No,Yes,$49.90 ,606
162699,9/16/2023,End-cap,MAN,sweaters,329282612-401-2,LEATHER BIKER JACKET,Round neck long sleeve sweater. Metallic fabric detail and frayed trim.,Yes,No,$89.90 ,2732
172015,8/14/2023,End-cap,MAN,t-shirts,313008692-514-2,FAUX LEATHER BOMBER JACKET,Cropped overshirt. Lapel collar and long sleeves with buttoned cuffs. Front patch pockets. Irregular finished seams. Front button closure.,Yes,Yes,$139.00 ,2622
137598,11/6/2023,Aisle,MAN,jackets,329158644-605-2,POCKET JACKET,Regular fit jacket with lapel collar and long sleeves. Patch pockets at chest and hip. Front button closure.,Yes,No,$139.00 ,2839
,,,,,,,,,,,
125398,10/20/2023,Aisle,MAN,shoes,311307610-400-39,SUEDE LACELESS SNEAKERS,Slip on sneakers. Made of leather with a suede finish. Upper in a combination of pieces. Chunky sole.,Yes,Yes,$69.90 ,1350
141434,12/10/2023,Front of Store,MAN,jackets,311307610-400-39,FAUX LEATHER PUFFER JACKET,Jacket with lightly padded interior. Rib collar and long sleeves. Flap pockets at waist. Rib trim. Front asymmetric zip closure.,Yes,No,$39.90 ,2870
117590,2/11/2023,End-cap,MAN,jackets,320298385-807-2,CONTRASTING COLLAR JACKET,Relaxed fit jacket. Contrasting lapel collar and long sleeves with buttoned cuffs. Front pouch pockets. Interior pocket. Washed effect. Front zip closure.,No,No,$79.90 ,2968
154846,4/5/2023,End-cap,MAN,t-shirts,328232452-898-2,PRINTED CROPPED FIT SHIRT LIMITED EDITION,Cropped shirt. Round neckline. Contrasting front print. Washed effect. Irregular trim.,No,Yes,$39.90 ,917
168516,6/30/2023,Front of Store,MAN,t-shirts,336446858-822-2,LIGHTWEIGHT BOMBER JACKET,Jacket made of faux shearling fabric. V-neckline and long sleeves with elastic cuffs. Lined interior with structured mesh fabric. Welt pockets at hip. Adjustable hem with side elastics. Front snap button closure.,No,Yes,$89.90 ,2168
135521,7/26/2023,End-cap,WOMAN,sweaters,322677494-446-1,FINE KNIT CROP SWEATER,Cropped fine knit sweater with round neck and long sleeves.,Yes,No,$39.90 ,2835
151925,3/20/2023,End-cap,MAN,jackets,320774184-800-97,VINTAGE EFFECT LEATHER BOMBER JACKET,,Yes,Yes,$299.00 ,2179
170364,5/11/2023,Aisle,MAN,shoes,315851805-800-39,STRAP SANDALS,Sandals with two straps. The thin straps hug the instep. Slightly chunky sole.,No,No,$45.90 ,818
162883,12/7/2023,Front of Store,,jackets,311307584-518-2,TECHNICAL PADDED JACKET,Jacket made of technical fabric with padded interior. High collar with foldable interior hood. Long sleeves with interior rib cuffs. Front pockets with hidden zip closure and interior pocket detail. Adjustable hem with side elastics. Front zip hidden by a snap button flap.,No,Yes,$139.00 ,786
149487,1/12/2024,Aisle,MAN,t-shirts,312978838-611-2,LEATHER JACKET,Boxy fit jacket. Lapel collar and long sleeves with buttoned cuffs. Patch pockets at hip. Washed effect.Asymmetric hem with side vents. Front button closure.,Yes,No,$99.90 ,1258
195103,2/14/2023,Aisle,MAN,t-shirts,330290387-401-2,BOUCLÉ TEXTURED JACKET,Varsity jacket with elastic collar and long sleeves. Welt pockets at hip and interior pocket. Embroidered appliqué and contrast front and back patches. Rib trim. Front snap button closure.,No,Yes,$109.00 ,2849
116228,3/4/2023,End-cap,MAN,jackets,312363708-800-2,TEXTURED POCKET JACKET,Jacket with lightly padded interior. Lapel collar and long sleeves with buttoned cuffs. Flap pockets at chest and welt pockets at hip. Front button closure.,No,Yes,$89.90 ,647
182866,3/31/2023,Aisle,WOMAN,sweaters,313890656-800-2,KNIT SWEATER WITH BUTTONS,Basic sweater with round neck and long sleeves. Side button details at shoulders.,Yes,No,$39.90 ,1552
139967,7/11/2023,End-cap,MAN,t-shirts,311282631-712-2,OVERSIZED CROPPED JACKET LIMITED EDITION,V-neck sweater with long sleeves. Rib trim.,No,No,$69.90 ,2634
183634,2/14/2023,Front of Store,WOMAN,sweaters,324593343-043-2,BASIC KNIT SWEATER,Long sleeve round neck sweater. Side vents at hem. Rib trim.,Yes,Yes,$27.90 ,2778
192936,9/29/2023,End-cap,MAN,jackets,312368260-800-2,DOUBLE FACED JACKET,Jacket made of faux leather faux shearling with fleece interior. Tabbed lapel collar. Long sleeves. Zip pockets at hip. Front zip closure.,Yes,No,$139.00 ,2942
167281,4/15/2023,End-cap,MAN,shoes,311297328-800-39,SUEDE HIGH-TOPS,High top sneakers. Upper in a combination of pieces and materials. Lacing with seven pairs of eyelets. Chunky tonal sole.,Yes,Yes,$59.90 ,892
167640,2/19/2023,End-cap,MAN,jackets,311287132-251-2,HOODED TECHNICAL JACKET,Jacket made of technical fabric. High collar with adjustable drawstring hood. Long sleeves with rib cuffs. Chest welt pocket and hip patch pockets. Interior pocket. Adjustable hem with elastics at sides. Front zip hidden by a snap button flap.,Yes,Yes,$109.00 ,1017
147491,11/29/2023,End-cap,MAN,jeans,326540983-802-36,BAGGY BELTED JEANS,Baggy jeans. Self belt at waist. Front pockets and back patch pockets. Washed effect. Front button closure.,No,No,$59.90 ,1563
185809,2/10/2023,End-cap,WOMAN,sweaters,313890688-330-1,KNIT SWEATER WITH RIPS,Round neck long sleeve sweater. Openwork detail with rips.,No,No,$49.90 ,622
148823,12/20/2022,Aisle,MAN,shoes,320680326-107-39,SUEDE FISHERMAN SANDALS,Fisherman sandals. Made of leather with a suede finish. Crossed straps at front. Buckled ankle strap closure. Slightly chunky soles.,Yes,No,$89.90 ,2211
189118,12/19/2023,Front of Store,MAN,jackets,278112470-800-2,FAUX LEATHER PUFFER JACKET,Faux leather puffer jacket. High collar and long sleeves with ribbed interior cuffs. Welt pockets at hip. Interior pocket. Adjustable hem with side elastics. Front zip closure.,Yes,Yes,$69.99 ,952
136738,8/26/2023,Front of Store,WOMAN,sweaters,287414911-803-2,HIGH COLLAR KNIT SWEATER,Sweater with high collar and long sleeves. Front pocket. Side vents at hem. Rib trim.,Yes,No,$7.99 ,542
154676,6/15/2023,Aisle,MAN,jackets,311292623-712-97,FLEECE OVERSHIRT,Regular fit overshirt. Lapel collar and long sleeves with buttoned cuffs. Chest patch pockets. Front button closure.,No,No,$69.90 ,943
193686,9/15/2023,Aisle,MAN,shoes,311292343-700-39,TASSEL LEATHER LOAFERS,Loafers. Made of leather. Smooth upper with ruching at toe. Decorative fringed tassels at instep. Rounded shape. Welt around upper. Chunky lug soles.,No,Yes,$99.90 ,1899
144012,11/20/2023,Front of Store,MAN,jackets,314937772-710-2,OVERSHIRT WITH CONTRASTING TOPSTITCHING,Relaxed fit overshirt made with cotton fabric. Lapel collar and long sleeves with buttoned cuffs. Chest patch pocket. Contrasting topstitching all over the garment. Front button closure.,No,Yes,$59.90 ,743
113435,12/8/2023,Aisle,MAN,jackets,320278659-251-2,RIB COLLAR JACKET,Overshirt made of stretchy fabric. Lapel collar and long sleeves with snap buttoned cuffs. Chest patch pockets. Front snap button closure.,Yes,No,$129.00 ,2973
117725,9/11/2023,Aisle,MAN,jackets,311297489-800-2,CONTRASTING PATCHES HOODED JACKET,Varsity jacket with stretchy collar and contrasting hood. Long sleeves. Welt pockets at hip and interior pocket. Embroidered appliqué and contrast front and back patches. Rib trim. Front snap button closure.,Yes,No,$109.00 ,1506
111979,4/9/2023,Front of Store,MAN,shoes,311307332-202-39,CHUNKY SNEAKERS,Sneakers. Upper in a combination of pieces and textures. Shoelaces with six pairs of eyelets at different heights. Chunky irregular design soles. Retro-inspired design.,No,No,$59.90 ,2734
180176,1/13/2023,End-cap,MAN,jackets,335342680-800-44,SLIM FIT SUIT JACKET,Slim fit jacket. Notched lapel collar. Long sleeves with buttoned cuffs. Welt pocket at chest and flap pockets at hip. Interior pocket. Back vents. Front button closure.,Yes,Yes,$129.00 ,2220
183825,5/20/2023,Aisle,MAN,jackets,281593208-015-2,PLAID TIE DYE OVERSHIRT,Regular fit overshirt made of cotton. Lapel collar and long sleeves with buttoned cuffs. Chest patch pockets. Front button closure.,Yes,Yes,$19.99 ,2989
118985,5/12/2023,Aisle,MAN,t-shirts,281593208-015-2,PATCH BOMBER JACKET,Vest made of viscose and wool blend fabric. V-neckline. Patch pockets at hip. Front zip closure.,Yes,No,$139.00 ,694
189692,7/8/2023,End-cap,MAN,t-shirts,330077856-251-2,TEXT T-SHIRT,Boxy fit T-shirt. Round neck and short sleeves. Velvet effect print with contrast text.,No,Yes,$39.90 ,1553
165910,4/14/2023,End-cap,WOMAN,sweaters,313890651-712-2,KNIT SWEATER WITH PEARLS,Sweater made with 22% wool and 10% alpaca. Round neck and long sleeves. Faux pearl appliqué.,No,Yes,$69.90 ,2760
146839,3/16/2024,Aisle,MAN,jackets,321496813-710-2,BOMBER JACKET,Jacket with padded interior. Rib elastic collar and long sleeves. Flap pockets at hip and interior pocket. Rib trim. Front zip closure.,No,No,$109.00 ,1525
,,,,,,,,,,,
123150,2/28/2023,End-cap,MAN,jackets,330274270-800-2,CROPPED BOMBER JACKET LIMITED EDITION,Jacket with lightly padded interior. Rib collar and long sleeves. Flap pockets at waist. Rib trim. Front asymmetric zip closure.,No,Yes,$169.00 ,2074
155010,3/27/2024,Aisle,MAN,t-shirts,328232445-800-2,SEMI-SHEER KNIT SHIRT LIMITED EDITION,Slim fit shirt made of wrinkle effect fabric. Round neck and long sleeves.,Yes,Yes,$45.90 ,729
174171,1/26/2024,Front of Store,MAN,jackets,328332050-700-97,EMBROIDERED FOREST JACKET,Jacket with lightly padded interior. Corduroy lapel collar. Long sleeves. Patch pockets at hip. Front button closure.,Yes,Yes,$89.90 ,2273
124981,3/13/2023,Front of Store,MAN,jackets,320264577-800-2,PADDED DENIM JACKET,Cropped jacket with lightly quilted interior. Lapel collar and long sleeves. Flap patch pockets at hip. Washed effect. Rib hems. Front zip closure.,Yes,No,$89.90 ,1832
135490,9/29/2023,Front of Store,MAN,jackets,321151893-609-2,MIXED COLLAR WAXED JACKET,,No,No,$139.00 ,1094
112194,6/26/2023,Aisle,MAN,jackets,314937772-710-2,STRETCH POCKET OVERSHIRT,Varsity jacket made of faux suede fabric. Double welt pockets at hip and interior pocket. Front and back contrasting patch appliqués and embroidery. Rib trim. Front snap button closure.,Yes,Yes,$109.00 ,2187
185774,1/10/2023,End-cap,MAN,t-shirts,316727555-700-2,FAUX SUEDE BOMBER JACKET,Overshirt with lapel collar and long sleeves with buttoned cuffs. Chest patch pocket. Front button closure.,Yes,Yes,$19.99 ,1145
182779,4/13/2023,End-cap,WOMAN,sweaters,324814227-400-2,FAUX FUR JEWEL SWEATER,Round neck short sleeve sweater. Soft feel faux fur fabric. Jewel appliqués.,Yes,Yes,$35.90 ,2097
111521,1/29/2024,Front of Store,MAN,jackets,323672371-507-2,WASHED TECHNICAL JACKET,Jacket made of technical fabric. High collar and long sleeves with adjustable cuffs with snap button straps. Flap patch pockets at hip. Adjustable drawstring hem. Washed effect. Front zip hidden by a snap button flap.,Yes,Yes,$99.90 ,2553
123047,3/28/2024,Aisle,MAN,t-shirts,313027279-800-2,SUIT JACKET IN 100% LINEN,Quilted jacket made of technical fabric. Lapel collar and long sleeves. Welt pockets at hip. Rib trim. Front zip closure.,Yes,No,$109.00 ,2985
,,,,,,,,,,,
198283,12/31/2022,End-cap,MAN,jeans,315836999-406-34,BAGGY FIT JEANS,Baggy fit jeans. Five pockets. Washed effect. Front zip and button closure.,Yes,Yes,$69.90 ,1558
114550,2/12/2023,End-cap,MAN,shoes,311292244-800-39,ZIPPER MULTIPIECE SNEAKERS,Running shoes. Upper in a combination of pieces and finishes. Front zip closure. Back pull tab for ease. Chunky soles with irregular design.,No,No,$69.90 ,2114
171520,12/17/2022,End-cap,WOMAN,sweaters,322451460-800-1,GATHERED WAIST KNIT SWEATER,Round neck long sleeve sweater. Fitted waist with side ruching.,Yes,Yes,$47.90 ,2901
141904,8/23/2023,End-cap,MAN,jackets,313845662-400-3,JACQUARD DENIM JACKET,Lapel collar jacket with long sleeves with buttoned cuffs. Patch pockets with flaps at chest and side pockets at hip. Front hidden button closure.,Yes,Yes,$109.00 ,1712
151438,7/23/2023,Aisle,MAN,jackets,316727555-700-2,PLAID OVERSHIRT,Regular fit overshirt. Lapel collar and long sleeves with buttoned cuffs. Front zip closure.,Yes,No,$69.90 ,1137
124088,3/28/2023,End-cap,MAN,jackets,320531693-707-2,EMBROIDERED PATCH JACKET,Roomy jacket made of lightweight fabric. Lapel collar and long sleeves with elastic cuffs. Contrasting patch appliqués with embroidery at front and back. Front pouch pocket. Elastic hem. Front zip closure.,Yes,Yes,$79.90 ,2065
128179,10/24/2023,End-cap,MAN,jackets,311287226-472-2,COLOR BLOCK PUFFER JACKET,Jacket made of technical fabric with padded interior. High collar and long sleeves with elastic cuffs. Front pockets with hidden zip closure. Elastic hem. Front zip closure.,No,Yes,$89.90 ,2060
160763,12/19/2023,Front of Store,MAN,shoes,311282212-800-39,ADHERENT STRIPES SNEAKERS,Sneakers. Monochromatic. Upper in a combination of pieces. Closure with three adhesive straps. Slightly chunky sole.,Yes,Yes,$45.90 ,991
197524,8/4/2023,Aisle,MAN,jackets,330590505-500-2,PLAID OVERSHIRT,Relaxed fit overshirt. Lapel collar and long sleeves with buttoned cuffs. Chest patch pocket. Front button closure.,Yes,Yes,$49.90 ,2231
156342,3/6/2024,Front of Store,MAN,jeans,311287318-400-38,FLARED FIT CARGO JEANS,Flared jeans. Patch pockets with flaps at hip. Patch pocket appliqués at legs. Washed effect. Adjustable hem with zippers. Front zipper and crossover button closure.,Yes,Yes,$109.00 ,1466
185800,4/9/2023,End-cap,MAN,jackets,321993245-500-2,TECHNICAL OVERSHIRT,Regular fit overshirt with lightly padded interior. Lapel collar and long sleeves with buttoned cuffs. Flap pockets at hip. Front button closure.,Yes,No,$109.00 ,1841
137044,12/27/2023,Aisle,MAN,jackets,320680326-107-39,PATCH BOMBER JACKET,Varsity jacket with elastic collar and long sleeves. Welt pockets at hip and interior pocket. Embroidered appliqué and contrast front and back patches. Rib trim. Front snap button closure.,Yes,No,$12.99 ,2534
188909,7/18/2023,Aisle,WOMAN,sweaters,336449731-712-1,ASYMMETRIC CROPPED KNIT SWEATER,Woven V-neckline long sleeve sweater. Asymmetric hem.,Yes,Yes,$39.90 ,2863
154224,1/24/2024,End-cap,MAN,jackets,329282612-401-2,100% LINEN OVERSHIRT,Relaxed fit overshirt made of linen fabric. Lapel collar and long sleeves with buttoned cuffs. Chest patch pockets. Front button closure.,No,Yes,$89.90 ,2474
114877,8/19/2023,Aisle,MAN,jackets,323134415-700-3,SUEDE JACKET,Jacket made of suede. Cropped length. Lapel collar and long sleeves. Front hidden in-seam pockets. Front zip closure.,No,No,$169.00 ,1860
171061,5/8/2023,Aisle,MAN,jackets,320026789-714-2,PLAID OVERSHIRT,Relaxed fit overshirt made of viscose blend fabric. Lapel collar and long sleeves with buttoned cuffs. Chest patch pocket. Front button closure.,Yes,No,$59.90 ,2032
133100,3/28/2023,End-cap,MAN,jackets,311302445-445-97,PUFFER JACKET WITH POUCH POCKET,Jacket made of technical fabric with padded interior. High collar with front zip closure and long sleeves with elastic strap cuffs. Front and back contrast embroidered text. Zip pockets at hip. Adjustable elastic strap at hem with side zippers and strap.,No,Yes,$89.90 ,2729
,,,,,,,,,,,
187234,6/2/2023,Front of Store,MAN,jackets,342657802-914-2,STRETCH POCKET OVERSHIRT,Overshirt made of stretchy fabric. Lapel collar and long sleeves with snap buttoned cuffs. Chest patch pockets. Front snap button closure.,Yes,Yes,$169.00 ,2575
123985,6/30/2023,End-cap,MAN,shoes,311302877-203-39,MULTICOLOR SNEAKERS,Sneakers. Combination of colors and pieces at upper. Lacing with six pairs of eyelets. Chunky rubber sole with irregular design.,No,No,$69.90 ,2240
151396,3/17/2024,Front of Store,MAN,jackets,323134418-800-3,CROPPED LEATHER JACKET,Leather jacket. Cropped length. Lapel collar and long sleeves. Front hidden in-seam pockets. Front zip closure.,Yes,Yes,$439.00 ,729
120266,11/13/2023,Front of Store,MAN,jackets,320671529-802-2,PLAID OVERSHIRT,Cropped overshirt. Lapel collar and long sleeves with buttoned cuffs. Chest patch pocket. Irregular trim. Front button closure.,No,No,$59.90 ,2328
144848,2/19/2023,Front of Store,MAN,shoes,311287149-800-39,CHUNKY SOLE CANVAS LACE-UP BOOTS,High shaft boots. Lacing with eight pairs of eyelets. Back pull tab for ease. Rounded shape. Chunky lug soles.,No,No,$89.90 ,2193
141861,7/15/2023,Aisle,MAN,jackets,313854165-401-46,100% WOOL SUIT JACKET,Jacket made of Italian wool. Pointed lapel collar and long sleeves with buttoned cuffs. Welt pocket at chest and flap pockets at hip. Interior pocket. Back vents. Front button closure.,Yes,Yes,$169.00 ,1916
133757,3/22/2024,Aisle,MAN,jackets,312664937-514-2,POCKET PUFFER JACKET,Quilted jacket made of technical fabric. High collar and long sleeves. Flap pocket at chest and hidden in-seam pockets at side hip. Interior pocket. Interior elastic hem. Cropped length. Front zip closure.,No,Yes,$169.00 ,2071
133183,3/19/2023,Front of Store,MAN,jackets,318265017-401-2,COTTON BLEND BOMBER JACKET,Jacket made of cotton blend fabric. High collar and long sleeves. Welt pockets at hip. Rib trim. Cropped length. Front zip closure.,Yes,Yes,$89.90 ,2859
118719,2/21/2023,End-cap,WOMAN,sweaters,320052978-401-2,COLORBLOCK KNIT CROP SWEATER,Short sweater with round neck and long sleeves.,Yes,No,$45.90 ,1669
185102,2/3/2024,Aisle,MAN,jackets,272145190-250-2,BASIC PUFFER JACKET,Puffer jacket made of tear-resistant ripstop fabric. High collar and adjustable long sleeves with adhesive straps. Welt pockets at hip. Adjustable hem with side elastics. Front zip closure.,No,No,$19.99 ,2823
182362,1/24/2024,Front of Store,MAN,jackets,319166635-401-2,CROPPED OVERSHIRT,Cropped overshirt made of contrast double faced fabric. Lapel collar and long sleeves with buttoned cuffs. Chest patch pocket. Adjustable hem with side elastics. Front button closure partially hidden by a flap.,No,No,$69.90 ,2019
147998,10/13/2023,Aisle,MAN,shoes,277776476-700-39,RETRO HIGH TOP SNEAKERS,High-top sneakers. Upper in a combination of pieces. Laces with ten pairs of eyelets. Chunky sole.,No,No,$9.99 ,2556
166345,3/15/2023,Aisle,MAN,jackets,322929313-802-97,HOODED KNIT CARDIGAN,Cotton knit jacket. Hooded collar and long sleeves. Rib trim. Front pouch pockets. Rib trim. Front zip closure.,Yes,No,$69.90 ,1135
,,,,,,,,,,,
147051,3/14/2024,Front of Store,MAN,jackets,320278659-251-2,QUILTED STRUCTURED OVERSHIRT,Regular fit overshirt with quilted interior. Lapel collar and long sleeves with buttoned cuffs. Patch pockets at chest and welt pockets at hip. Front button closure.,No,No,$109.00 ,2325
186681,10/24/2023,End-cap,MAN,jackets,267133943-711-2,LIGHTWEIGHT PUFFER JACKET,Padded jacket made of technical fabric. High collar and long sleeves. Welt pockets at hip. Elasticized trim. Front zip closure.,Yes,No,$19.99 ,1717
161909,10/4/2023,Aisle,MAN,jackets,315529534-705-3,LEATHER JACKET,Relaxed fit jacket in leather. Spread collar and long sleeves with slit cuffs with button closure. Patch pockets at hip. Back vents. Front button closure.,No,Yes,$299.00 ,1290
163982,10/27/2023,Front of Store,MAN,t-shirts,318209963-800-2,FAUX LEATHER JACKET,Cropped overshirt. Lapel collar and long sleeves with buttoned cuffs. Chest patch pocket. Irregular trim. Front button closure.,No,No,$69.90 ,2685
143231,8/23/2023,Aisle,MAN,jackets,311297745-800-2,TECHNICAL PADDED JACKET,Jacket made of technical fabric with padded interior. Lapel collar and long sleeves with elastic cuffs. Welt pockets at hip and interior pocket. Adjustable drawstring hem. Front snap button closure.,No,No,$89.90 ,2578
130321,12/18/2022,End-cap,MAN,t-shirts,320071210-802-2,ABSTRACT PRINT KNIT T-SHIRT,Cotton knit T-shirt. Round neck and short sleeves.,No,Yes,$39.90 ,2093
158781,11/16/2023,End-cap,MAN,jackets,318209963-800-2,FAUX SUEDE OVERSHIRT,Relaxed fit overshirt. Lapel collar and long sleeves. Chest patch pocket. Front snap button closure.,Yes,Yes,$69.90 ,2443
152174,11/28/2023,End-cap,MAN,jackets,317012940-800-2,FAUX LEATHER JACKET,Jacket made of faux leather fabric. Lapel collar with snap button details. Long sleeves with zip cuffs. Front zip pockets at chest and hip. Interior pocket. Asymmetric front closure with metal zipper.,No,No,$99.90 ,2226
152723,6/7/2023,Aisle,MAN,jackets,316683359-818-2,LONGLINE QUILTED JACKET,Parka made of technical fabric with padded interior. High collar with removable hood. Long sleeves with interior elastic cuffs. Welt pockets at chest and flap pockets at hip. Interior pocket. Adjustable interior waistband with drawstring. Adjustable hem with side elastics. Front zip hidden by a snap button flap.,Yes,No,$169.00 ,2849
133078,6/27/2023,Aisle,MAN,jackets,311302424-409-2,PADDED BOMBER JACKET,Jacket made of technical fabric with lightly padded interior. Rib elastic collar and long sleeves. Zip pockets at hip. Elastic hem. Front zip closure.,Yes,No,$69.90 ,2535
120354,7/13/2023,Aisle,MAN,shoes,311282293-131-39,DOUBLE STRAP SUEDE SANDALS,Sandals. Made of leather with a suede finish. Two wide straps at instep with buckles. Insole with anatomical shaped footbed. Welt around upper. Chunky lug soles.,No,Yes,$59.90 ,2836
134763,9/29/2023,Front of Store,MAN,jackets,315947178-800-2,PADDED BOMBER JACKET,Quilted jacket made of technical fabric. Lapel collar and long sleeves. Welt pockets at hip. Rib trim. Front zip closure.,Yes,No,$89.90 ,2048
123230,2/27/2023,Aisle,MAN,jackets,324027512-064-2,STRIPED TEXTURED OVERSHIRT,Relaxed fit overshirt. Lapel collar and long sleeves with buttoned cuffs. Patch pockets at hip. Front button closure.,Yes,No,$69.90 ,880
167599,4/15/2023,Aisle,MAN,shoes,311292644-400-39,SUEDE RETRO SNEAKERS,Sneakers. Made of leather. Combination of finishes and materials at upper. Lacing with seven pairs of eyelets. Chunky sole in a combination of colors. Retro-inspired design.,No,No,$59.90 ,1500
117065,4/15/2023,Aisle,MAN,jackets,328616906-712-2,COTTON - LINEN BLEND JACKET,Jacket made of cotton and linen blend fabric. Lapel collar and long sleeves with buttoned cuffs. Patch pocket at chest and side pockets at hip. Elastic hem. Front zip closure.,Yes,Yes,$109.00 ,758
194915,3/9/2023,Aisle,MAN,jackets,311282298-099-2,REVERSIBLE PLAID OVERSHIRT,Relaxed fit reversible overshirt. Italian collar and long sleeves with buttoned cuffs. Chest patch pocket. Front button closure.,No,Yes,$79.90 ,1796
187930,8/3/2023,End-cap,MAN,jackets,324149982-982-2,OVERSIZED BOMBER JACKET,Oversized jacket made of technical fabric. High collar and long sleeves with pocket detail. Welt pockets at hip and interior pocket. Rib trim. Adjustable asymmetric hem with side zippers. Front zip closure.,Yes,No,$89.90 ,706
148888,1/4/2024,Front of Store,MAN,jackets,316207898-712-2,RIB COLLAR JACKET,Jacket made of technical fabric with padded interior. Tonal elastic rib high collar. Long sleeves. Welt pockets at hip and interior pocket. Interior elastic finish. Front zip closure.,No,No,$169.00 ,2774
150953,12/27/2022,Front of Store,WOMAN,sweaters,317331009-312-2,BASIC FOIL KNIT SWEATER,Round neck long sleeve sweater. Rib trim.,Yes,Yes,$35.90 ,2434
137990,8/4/2023,Aisle,MAN,jackets,276213846-500-2,COTTON JACKET,Lapel collar jacket with long sleeves with elastic cuffs. Patch pockets at hip. Elastic hem. Front snap button closure.,No,No,$29.99 ,2929
118569,1/7/2023,Aisle,WOMAN,sweaters,313890645-330-2,ALPACA AND WOOL BLEND TIE DYE KNIT SWEATER,Sweater made with 31% wool and 28% alpaca. Round neck and long sleeves.,Yes,No,$49.90 ,994
199279,12/1/2022,Aisle,MAN,jackets,267186163-643-2,HOODED TECHNICAL JACKET,Jacket made of technical fabric with brushed interior. High collar with adjustable hood. Long sleeves with cuffs and adhesive straps. Zip pockets at chest and hip. Front zip closure.,No,No,$19.99 ,1770
167592,4/19/2023,Front of Store,MAN,jackets,312320664-251-2,FAUX SUEDE PATCH JACKET,Varsity jacket made of faux suede fabric. Lapel collar and long sleeves. Double welt pockets at hip and interior pocket. Front contrasting patch appliqués and embroidery. Rib trim. Front snap button closure.,No,Yes,$89.90 ,707
166345,3/15/2023,Aisle,MAN,jackets,322929313-802-97,HOODED KNIT CARDIGAN,Cotton knit jacket. Hooded collar and long sleeves. Rib trim. Front pouch pockets. Rib trim. Front zip closure.,Yes,No,$69.90 ,1135
174412,11/29/2023,Aisle,MAN,jackets,311282759-806-2,FAUX SUEDE BOMBER JACKET,Jacket made of faux suede fabric. Rib elastic collar and long sleeves. Welt pockets at hip. Rib trim. Front zip closure.,Yes,No,$169.00 ,1796
148230,5/10/2023,Front of Store,WOMAN,sweaters,321480271-802-2,JEWEL KNIT SWEATER,Round neck sweater with jewel appliqués and long sleeves. Back opening with button closure.,No,Yes,$59.90 ,2494
144651,1/8/2024,Aisle,MAN,t-shirts,312571093-710-2,DENIM BOMBER JACKET,Relaxed fit overshirt made of wool blend fabric. Lapel collar and long sleeves with buttoned cuffs. Welt pockets at hip. Front zip closure.,No,Yes,$139.00 ,1791
122926,7/16/2023,End-cap,WOMAN,sweaters,319465261-800-2,KNIT V-NECK SWEATER,V-neck sweater with long sleeves. Rib trim.,No,No,$45.90 ,867
188771,10/11/2023,Aisle,MAN,jackets,324052738-800-46,TUXEDO JACKET,Straight fit blazer. Pointed lapel collar and long sleeves with buttoned cuffs. Welt pockets at hip and interior pocket. Central back vent at hem. Front button closure.,No,No,$169.00 ,654
153997,8/14/2023,End-cap,WOMAN,sweaters,318131967-800-2,KNIT PEARL SWEATER,Round neck long sleeve sweater. Tonal pearl appliqués and open back with tie.,Yes,No,$45.90 ,1608
,,,,,,,,,,,
163234,9/30/2023,Front of Store,MAN,jackets,322972491-800-2,TEXTURED DENIM JACKET LIMITED EDITION,Lapel collar jacket with long sleeves with buttoned cuffs. Flap pockets at chest and welt pockets at hip. All over washed and uneven textured effect. Front button closure.,No,No,$89.90 ,1633
152563,5/10/2023,Front of Store,WOMAN,sweaters,313890686-731-2,CASHMERE BLEND KNIT SWEATER,Sweater made with 95% cashmere. V-neck and long sleeves. Rib trim.,Yes,No,$169.00 ,2572
134104,12/30/2022,End-cap,MAN,jackets,313027279-800-2,OVERSHIRT,Relaxed fit overshirt made of stretch fabric. Lapel collar and long sleeves with buttoned cuffs. Chest patch pocket. Front button closure.,Yes,No,$59.90 ,1466
136272,7/17/2023,End-cap,MAN,sweaters,267195405-500-3,PURL KNIT SWEATER,High collar sweater with front zipper. Long sleeves. Rib trim.,Yes,No,$12.99 ,2887
127478,1/23/2023,Front of Store,MAN,jackets,328594167-800-46,STRAIGHT SUIT JACKET,Straight fit blazer. Notched lapel collar and long sleeves with buttoned cuffs. Flap pockets at hip. Interior pocket. Central back vent at hem. Front button closure.,Yes,No,$129.00 ,2498
123824,10/14/2023,Aisle,MAN,jackets,322901350-800-46,WOOL BLEND SUIT JACKET,,No,Yes,$169.00 ,2277
127296,7/5/2023,Aisle,MAN,jackets,320220949-507-2,CROPPED TEXTURED JACKET,Jacket made of dense cotton fabric cut on the bias. Lapel collar and long sleeves with buttoned cuffs. Welt pockets at hip and interior pocket. Cropped length. Front zip closure.,No,No,$169.00 ,1165
140727,9/16/2023,End-cap,MAN,jackets,312372582-526-2,CONTRASTING COLLAR JACKET,Jacket with lightly padded interior. Contrasting lapel collar. Long sleeves with buttoned cuffs. Washed effect. Double welt pockets at chest and hip. Front zip closure.,Yes,Yes,$169.00 ,1002
146804,7/30/2023,Aisle,MAN,shoes,311307495-131-39,SUEDE SNEAKERS,Sneakers. Made of leather with a suede finish. Contrast lacing with seven pairs of eyelets. Welt around upper. Chunky sole.,No,Yes,$69.90 ,1504
165158,9/16/2023,Front of Store,MAN,jackets,323675323-700-2,WASHED EFFECT BOMBER JACKET,Jacket made of technical fabric. Lapel collar and long sleeves with pocket detail. Welt pockets at hip and interior pocket. Washed effect. Elasticized trim. Front zip hidden by a snap button flap.,No,No,$109.00 ,1622
110075,12/19/2022,Front of Store,MAN,jackets,320771732-800-2,WOOL BLEND FELT TEXTURE JACKET,Cropped jacket made with wool blend fabric. Lapel collar and long sleeves. Welt pockets at hip. Front hidden button closure.,Yes,Yes,$159.00 ,2185
111957,12/20/2023,Aisle,MAN,shoes,311307624-500-39,SUEDE PENNY LOAFERS,Loafers. Made of leather with a suede finish. Ornamental saddle detail at instep. Rounded shape. Contrasting colored sole.,No,Yes,$89.90 ,2164
119955,4/2/2023,Front of Store,MAN,jackets,323216370-422-97,BOMBER JACKET,Boxy bomber jacket. Rib elastic collar and long sleeves. Welt pockets at hip. Elasticized trim. Front zip closure.,No,No,$89.90 ,1590
110805,1/17/2023,Front of Store,MAN,jackets,321496761-800-2,FAUX LEATHER OVERSIZED JACKET LIMITED EDITION,Oversized jacket. Notched lapel collar and long sleeves. Flap pockets at hip and interior pocket. Front button closure.,No,Yes,$169.00 ,2477
145289,12/24/2023,End-cap,MAN,jackets,311292073-709-2,UTILITY POCKET JACKET,Cropped jacket. Lapel collar and long sleeves. Front utility pockets with zip closure. Washed effect. Elastic hem. Adjustable hem with side elastics. Front zip closure.,No,No,$109.00 ,1012
181011,12/23/2023,Aisle,MAN,shoes,322612356-505-2,HERRINGBONE TEXTURED JACKET,RETRO SNEAKERS,Yes,Yes,$89.90 ,994
198375,3/25/2023,End-cap,MAN,jackets,311297763-800-2,FAUX LEATHER JACKET,Jacket made of faux leather fabric. Lapel collar and long sleeves with snap buttoned cuffs. Welt pockets at hip. Front snap button closure.,No,No,$169.00 ,2202
182157,6/7/2023,Aisle,MAN,jackets,322972485-431-46,SUIT JACKET IN 100% LINEN,Straight fit blazer made of linen. Notched lapel collar and long sleeves with buttoned cuffs. Welt pocket at chest and flap pockets at hip. Interior pocket. Back vents. Front button closure.,No,No,$159.00 ,2421
141904,8/23/2023,End-cap,MAN,jackets,313845662-400-3,JACQUARD DENIM JACKET,Lapel collar jacket with long sleeves with buttoned cuffs. Patch pockets with flaps at chest and side pockets at hip. Front hidden button closure.,Yes,Yes,$109.00 ,1712
175059,8/19/2023,Aisle,,jackets,311292572-401-2,LIGHTWEIGHT BOMBER JACKET,Lightweight jacket made of technical fabric. Round neck and long sleeves. Welt pockets at hip. Interior pocket. Rib trim. Front zip closure.,No,Yes,$49.90 ,2170
154736,12/17/2022,Front of Store,MAN,jackets,311292244-800-39,CROPPED BOMBER JACKET LIMITED EDITION,Varsity jacket with padded interior. Rib elastic collar and long sleeves in contrast faux leather. Double welt pockets at hip and interior pocket. Contrasting patch appliqués at front and back. Rib trim. Front snap button closure.,Yes,Yes,$19.90 ,1466
134693,3/10/2023,Aisle,MAN,jackets,311297791-800-2,LEATHER BIKER JACKET,Jacket with lapel collar and snap button details. Long sleeves with zip cuffs. Front zip pockets and interior pocket. Asymmetric front closure with metal zipper.,No,Yes,$169.00 ,2124
141434,12/10/2023,Front of Store,MAN,jackets,311307610-400-39,FAUX LEATHER PUFFER JACKET,Jacket with lightly padded interior. Rib collar and long sleeves. Flap pockets at waist. Rib trim. Front asymmetric zip closure.,Yes,No,$39.90 ,2870
140028,6/25/2023,Aisle,MAN,jackets,329186122-800-2,OVERSIZED CROPPED JACKET LIMITED EDITION,Oversized cropped jacket. Notched lapel collar and long sleeves with buttoned cuffs. Flap pockets at waist ad interior pocket. Front button closure.,Yes,Yes,$159.00 ,1260
129247,7/18/2023,Front of Store,MAN,shoes,311302532-102-39,SUEDE SNEAKERS,Sneakers. Made of leather with a suede finish. Laces with five pairs of eyelets. Chunky soles.,No,Yes,$69.90 ,2386
147449,3/2/2023,End-cap,MAN,shoes,316608794-802-39,SUEDE RUNNING SNEAKERS,Running shoes. Made of suede leather. Upper in a combination of materials and colors. Lacing with six pairs of eyelets. Chunky soles with irregular design.,No,No,$69.90 ,1191
183064,6/22/2023,Front of Store,MAN,jackets,311282469-505-2,POCKET OVERSHIRT,Cropped overshirt. Lapel collar and long sleeves with buttoned cuffs. Front patch pockets. Irregular finished seams. Front button closure.,No,Yes,$89.90 ,1773
155674,5/28/2023,Front of Store,WOMAN,sweaters,323218942-800-2,METAL BEAD KNIT SWEATER,Round neck long sleeve sweater. Side slit at hem with metal bead appliqués.,No,No,$49.90 ,897
135857,2/17/2023,Aisle,MAN,t-shirts,311297550-251-2,VISCOSE BLEND KNIT T-SHIRT,Knit shirt in viscose blend fabric. Mock neck and short sleeves. Rib trim.,Yes,No,$45.90 ,2045
196752,1/8/2024,End-cap,MAN,t-shirts,319334070-401-2,STRUCTURED TEXT T-SHIRT,Full cut T-shirt made of mesh textured fabric. Contrast rib V-neckline and short sleeves. Front contrast printed text.,No,No,$45.90 ,2227
129906,1/9/2023,Aisle,MAN,jackets,311292672-800-2,FAUX SUEDE BOMBER JACKET,Jacket made of faux suede fabric. Ribbed elastic high collar and long sleeve. Welt pockets at hip. Rib trim. Front zip closure.,No,No,$69.90 ,2089
172364,10/24/2023,Aisle,MAN,jackets,317782474-800-2,FAUX LEATHER BOMBER JACKET,Jacket made of faux leather fabric. Rib elastic collar and long sleeves. Zip pockets with flaps at hip. Interior pocket. Elastic hem. Front zip closure.,No,Yes,$169.00 ,2931
122307,12/16/2022,End-cap,MAN,t-shirts,317230892-251-3,RIBBED KNIT T-SHIRT,Cotton knit tank top. Round neck with front button closure. Rib trim.,No,No,$49.90 ,702
168837,12/30/2022,Aisle,MAN,jackets,311292194-731-2,FAUX SUEDE JACKET,Lapel collar jacket with long sleeves with buttoned cuffs. Flap pockets at chest and welt pockets at hip. Front button closure.,No,No,$169.00 ,665
152985,2/11/2024,Aisle,MAN,jackets,319162032-064-2,PLAID OVERSHIRT,Relaxed fit overshirt. Lapel collar and long sleeves with buttoned cuffs. Chest patch pockets. Front button closure.,Yes,Yes,$89.90 ,1049
159182,1/22/2024,Front of Store,MAN,jackets,321993245-500-2,FAUX LEATHER OVERSIZED JACKET LIMITED EDITION,Jacket made of technical fabric with padded interior. Tonal elastic rib high collar. Long sleeves. Welt pockets at hip and interior pocket. Interior elastic finish. Front zip closure.,No,Yes,$169.00 ,1014
197524,8/4/2023,Aisle,MAN,jackets,330590505-500-2,PLAID OVERSHIRT,Relaxed fit overshirt. Lapel collar and long sleeves with buttoned cuffs. Chest patch pocket. Front button closure.,Yes,Yes,$49.90 ,2231
195082,1/9/2024,Front of Store,MAN,shoes,311302515-800-39,CHUNKY SOLE HIGH TOP SNEAKERS,High top sneakers. Lacing with nine pairs of eyelets. Contrasting foxing around the upper. Chunky rubberized soles.,No,No,$69.90 ,923
139789,12/24/2023,Aisle,WOMAN,sweaters,316900618-809-2,WOOL AND CASHMERE BLEND RIB SWEATER,Sweater made with 80% wool and 20% cashmere. Round neck and long sleeves.,Yes,No,$69.90 ,1094
186083,6/5/2023,End-cap,MAN,jeans,312393140-406-2,PLEATED WIDE FIT JEANS,Wide fit jeans. Adjustable interior elastic waistband with front pleats. Front pockets and back patch pockets. Washed effect. Front zip and button closure.,Yes,No,$49.90 ,624
152871,3/13/2023,End-cap,MAN,jackets,312571093-710-2,TEXTURED POCKET OVERSHIRT,Overshirt made of diagonal textured cotton fabric. Lapel collar and long sleeves with buttoned cuffs. Patch pockets at hip. Front button closure.,Yes,No,$69.90 ,1847
198248,2/1/2023,Front of Store,MAN,jackets,311309526-800-2,FAUX LEATHER BOMBER JACKET,Jacket made of faux leather fabric. High collar and long sleeves. Welt pockets at hip and interior pocket. Rib trim. Front zip closure.,No,Yes,$169.00 ,1644
185307,12/6/2022,Front of Store,WOMAN,sweaters,300250126-401-2,BASIC 100% WOOL SWEATER,Sweater made of 100% wool. Round neck and long sleeves. Ribbed trim.,Yes,No,$7.99 ,2743
194410,2/7/2023,End-cap,MAN,jackets,322972473-052-46,SUIT JACKET IN 100% LINEN,Straight fit blazer made of linen. Notched lapel collar and long sleeves with buttoned cuffs. Flap pockets at hip. Interior pocket. Back vents. Front button closure.,No,No,$159.00 ,669
167981,5/28/2023,End-cap,MAN,jackets,329706743-401-46,HOUNDSTOOTH SUIT JACKET,Straight fit blazer. Notched lapel collar and long sleeves with buttoned cuffs. Welt pocket at chest and flap pockets at hip. Interior pocket. Back vents. Front button closure.,No,No,$139.00 ,730
133109,9/12/2023,Front of Store,MAN,jackets,321143726-712-2,TEXTURED JACKET,Jacket made of textured fabric. Lapel collar and long sleeves with buttoned cuffs. Patch pockets at chest and hidden pockets at hip. Side vents at hem. Front button closure.,Yes,No,$169.00 ,2063
,,,,,,,,,,,
142257,4/10/2023,Aisle,MAN,t-shirts,315241755-800-2,BASIC SLIM FIT T-SHIRT,Slim fit shirt. Round neck and short sleeves.,Yes,Yes,$19.90 ,1180
111760,3/12/2023,End-cap,MAN,jackets,321143723-401-2,TECHNICAL JACKET WITH POCKETS,Jacket made of technical fabric with quilted interior. Lapel collar and long sleeves. Flap patch pockets at hip. Rib trim. Front button closure.,No,No,$169.00 ,1474
121348,11/21/2023,End-cap,MAN,t-shirts,323216360-406-2,FAUX LEATHER BOXY FIT JACKET,Relaxed fit overshirt made of stretch fabric. Lapel collar and long sleeves with buttoned cuffs. Chest patch pocket. Front button closure.,Yes,No,$169.00 ,1008
182306,2/5/2023,Front of Store,MAN,jackets,317782501-701-2,COTTON OVERSHIRT,Relaxed fit overshirt made with cotton fabric. Lapel collar and long sleeves with buttoned cuffs. Flap patch pockets at chest and side hip pockets. Front button closure.,No,No,$89.90 ,2805
151396,3/17/2024,Front of Store,MAN,jackets,323134418-800-3,CROPPED LEATHER JACKET,Leather jacket. Cropped length. Lapel collar and long sleeves. Front hidden in-seam pockets. Front zip closure.,Yes,Yes,$169.00 ,729
196427,12/12/2022,Aisle,MAN,jackets,320600266-745-2,WAXED EFFECT PLAID JACKET,Cropped jacket made of cotton with waxed finish. Lapel collar and long adjustable cuffed sleeves. Welt pockets at hip and interior pocket. Adjustable front drawcord hem. Front zip closure.,No,Yes,$169.00 ,1401
,,,,,,,,,,,
129152,3/28/2024,End-cap,MAN,jackets,320423517-800-2,LIGHTWEIGHT BOMBER JACKET,Lightweight jacket made of technical fabric. Round neck and long sleeves. Welt pockets at hip. Interior pocket. Rib trim. Front zip closure.,No,No,$49.90 ,2356
141547,2/18/2024,End-cap,MAN,jeans,315738965-802-34,BAGGY FIT JEANS,Baggy fit jeans. Five pockets. Washed effect. Front zip and button closure.,No,No,$69.90 ,1426
132889,9/12/2023,Aisle,MAN,jackets,311297555-706-2,FAUX LEATHER BOXY FIT JACKET,Boxy fit jacket. Lapel collar and long sleeves with buttoned cuffs. Welt pockets at hip. Front button closure.,Yes,Yes,$99.90 ,2265
155050,3/9/2024,Aisle,MAN,jackets,316205038-615-2,BOUCLÉ TEXTURED JACKET,Cropped jacket made with wool blend fabric. High collar and long sleeves with elastic cuffs. Front patch pockets with flaps. Elastic hem. Front snap button closure.,Yes,No,$129.00 ,2321
173508,1/26/2024,Aisle,MAN,jackets,322410604-401-2,POCKET JACKET,Jacket made of dense technical fabric. Lapel collar and long sleeves with buttoned cuffs. Multi-functional front pockets. Front zip hidden by a snap button flap.,No,Yes,$129.00 ,1658
165326,7/7/2023,Aisle,MAN,t-shirts,319334069-712-2,STRUCTURED TEXT T-SHIRT,Full cut T-shirt made of mesh textured fabric. Contrast rib V-neckline and short sleeves. Front contrast printed text.,No,No,$45.90 ,1188
125938,6/15/2023,Aisle,WOMAN,sweaters,313890680-450-2,OVERSIZED KNIT SWEATER,Sweater made with 20% wool and 17% alpaca. Crew neck and long sleeves. Tonal rib trim.,Yes,Yes,$49.90 ,1204
134927,8/29/2023,Aisle,MAN,jackets,317129011-500-2,PATCH BOMBER JACKET,Varsity jacket with padded interior. Rib elastic collar and long sleeves in contrast faux leather. Double welt pockets at hip and interior pocket. Contrasting patch appliqués at front and back. Rib trim. Front snap button closure.,Yes,Yes,$169.00 ,2252
183574,2/24/2023,Aisle,WOMAN,sweaters,331789902-808-1,FOIL KNIT CROP SWEATER,Ribbed sweater with round neck and long sleeves. Ripped hem.,Yes,Yes,$47.90 ,1752
144497,10/2/2023,End-cap,WOMAN,sweaters,342171615-104-2,STRIPED KNIT SWEATER,Sweater with high collar and long sleeves. Front zip closure.,Yes,Yes,$49.90 ,1105
195879,6/14/2023,Front of Store,MAN,jackets,321496837-400-3,DENIM BOMBER JACKET,Jacket made of denim fabric with padded interior. Rib elastic collar and long sleeves. Welt pockets at hip and interior pocket. Elastic hem. All-over contrasting topstitching details. Front zip closure.,Yes,Yes,$129.00 ,2339
174041,10/27/2023,End-cap,MAN,shoes,311307489-203-39,MULTIPIECE SNEAKERS,Sneakers. Upper in a combination of pieces and colors. Lacing with seven pairs of eyelets. Chunky sole with a combination of colors. Retro-inspired design.,No,No,$49.90 ,2016
122809,4/9/2023,End-cap,WOMAN,sweaters,344575855-982-2,WOOL BLEND KNIT SWEATER,Sweater made with 31% wool. Round neck and long sleeves. Rib trim.,Yes,No,$49.90 ,1592
131298,12/15/2022,End-cap,MAN,jackets,322612356-505-2,PLAID OVERSHIRT,Relaxed fit overshirt made with cotton fabric. Lapel collar and long sleeves with buttoned cuffs. Patch pockets at hip. Washed effect. Front button closure.,No,Yes,$69.90 ,2133
129134,11/13/2023,Aisle,MAN,t-shirts,316715458-250-2,BASIC HEAVYWEIGHT T-SHIRT,Roomy T-shirt made of dense cotton. Round neck and short sleeves.,Yes,No,$29.90 ,1831
175927,6/11/2023,End-cap,MAN,jackets,312978838-611-2,ZIPPERED WOOL BLEND OVERSHIRT,Relaxed fit overshirt made of wool blend fabric. Lapel collar and long sleeves with buttoned cuffs. Welt pockets at hip. Front zip closure.,Yes,No,$109.00 ,1506
199631,12/25/2022,Front of Store,MAN,jackets,327747299-800-2,STRUCTURED TWILL OVERSHIRT,Regular fit overshirt made of 22% wool fabric. Lapel collar and long sleeves with buttoned cuffs. Patch pocket at chest and side pockets at hip. Side vents at hem. Front button closure.,No,Yes,$89.90 ,1269
173576,11/16/2023,End-cap,,jackets,336378923-700-2,BASIC DRYFIT T-SHIRT,,No,Yes,$129.00 ,1838
141330,11/5/2023,Aisle,MAN,t-shirts,323216369-922-2,RAISED TEXT T-SHIRT LIMITED EDITION,Full cut T-shirt with round neck and short sleeves. Front tonal raised text. Washed effect.,Yes,No,$39.90 ,1915
185154,1/6/2024,Aisle,MAN,t-shirts,311307261-712-2,ABSTRACT PRINT T-SHIRT,Full cut T-shirt with crew neck and short sleeves. Contrasting front and back prints. Washed effect.,No,Yes,$39.90 ,996
132322,12/1/2023,Front of Store,MAN,jackets,289179723-020-2,PRINTED DENIM OVERSHIRT,Boxy fit overshirt. Lapel collar and short sleeves. Front snap button closure.,No,Yes,$12.99 ,2135
134429,2/10/2023,Aisle,MAN,jeans,311303003-407-38,RIPPED STRAIGHT FIT JEANS,Straight fit jeans. Five pockets. Washed effect with rips at legs. Front button closure.,No,No,$69.90 ,2914
137121,2/24/2024,Aisle,MAN,jackets,312372602-800-2,100% FEATHER FILL PUFFER JACKET,Puffer jacket made of shiny finish technical fabric. Fill is a blend of 80% down and 20% feathers. High collar with adjustable hood and long sleeves with elastic cuffs. Welt pockets at hip and interior pocket. Adjustable hem with side elastics. Front zip closure.,Yes,No,$169.00 ,656
180661,8/2/2023,Front of Store,MAN,jackets,311309598-711-2,HOODED QUILTED JACKET,Puffer jacket with high collar and adjustable hood. Long sleeves with interior rib cuffs. Welt pockets at hip and interior pocket. Adjustable hem with side elastics. Front zip hidden by a snap button flap.,Yes,No,$129.00 ,1041
177131,7/13/2023,Aisle,MAN,jackets,319502128-515-2,BOUCLE TEXTURED VEST,Vest made of viscose and wool blend fabric. V-neckline. Patch pockets at hip. Front zip closure.,Yes,Yes,$69.90 ,1733
,,,,,,,,,,,
193227,12/31/2023,End-cap,MAN,sweaters,317894313-707-3,BRAIDED COLOR BLOCK SWEATER,Round neck long sleeve full cut sweater. Rib trim.,Yes,Yes,$69.90 ,1778
183537,1/28/2023,Front of Store,MAN,jackets,281883711-071-2,PAINT PRINT OVERSHIRT,Relaxed fit overshirt. Lapel collar and long sleeves with snap button cuffs. Chest patch pockets. Side vents at hem. Front snap button closure.,Yes,Yes,$19.99 ,2434
154278,1/2/2023,End-cap,MAN,jackets,336446858-822-2,GEOMETRIC JACQUARD OVERSHIRT,Relaxed fit overshirt made with cotton fabric. Lapel collar and long sleeves with buttoned cuffs. Welt pockets at hip. Front button closure.,Yes,No,$89.90 ,2749
115581,8/23/2023,Aisle,WOMAN,sweaters,336449779-104-1,STRIPED CROP KNIT SWEATER,Long sleeve high collar cropped sweater. Frayed hem.,Yes,No,$47.90 ,2728
138779,5/15/2023,Front of Store,MAN,jackets,329300083-705-48,SLIM FIT SUIT JACKET,Slim fit jacket made of viscose blend fabric. Notched lapel collar. Long sleeves with buttoned cuffs. Welt pocket at chest and flap pockets at hip. Interior pocket. Back vents. Front button closure.,Yes,Yes,$139.00 ,2801
,,,,,,,,,,,
126146,1/9/2024,Aisle,MAN,t-shirts,320326523-707-2,CROPPED WASHED T-SHIRT,Cropped fit T-shirt with round neck and short sleeves. Contrasting front and back prints. Washed effect.,No,No,$39.90 ,2759
115873,8/28/2023,End-cap,WOMAN,sweaters,311297400-803-1,CONTRAST TOPSTITCHING CROP KNIT SWEATER,V-neck cropped sweater with long sleeves. Front patch pockets. Contrast topstitching.,Yes,Yes,$59.90 ,2606
134788,5/30/2023,Front of Store,WOMAN,sweaters,324722597-400-2,FINE KNIT SWEATER,V-neck sweater with long sleeves.,No,No,$45.90 ,2179
118578,10/7/2023,End-cap,MAN,shoes,311302865-804-39,SUEDE STRAP SANDALS,Sandals. Made of leather with a suede finish. Two crossed wide straps at instep. Thick lightweight soles.,Yes,No,$49.90 ,1678
149510,4/6/2023,Aisle,MAN,jackets,319205114-807-2,ZIPPERED JACKET,Lapel collar jacket with long sleeves. Front pouch pockets. Front zip closure.,Yes,No,$59.90 ,1412
,,,,,,,,,,,
159145,7/12/2023,End-cap,MAN,jackets,311297855-800-2,FAUX LEATHER PUFFER JACKET,Faux leather jacket with padded interior. Lapel collar and long sleeves with snap buttoned cuffs. Welt pockets at hip and interior pocket. Elastic hem. Front zip hidden by a snap button flap.,No,Yes,$169.00 ,2579
125408,2/16/2023,End-cap,MAN,jackets,311297509-800-2,CONTRASTING PATCHES BOMBER JACKET,Varsity jacket with elastic collar and long sleeves. Welt pockets at hip and interior pocket. Embroidered appliqué and contrast front and back patches. Rib trim. Front snap button closure.,Yes,Yes,$89.90 ,2220
168571,3/25/2023,Aisle,MAN,jackets,311282631-712-2,POCKET OVERSHIRT,Relaxed fit overshirt. Lapel collar and long sleeves with adjustable button cuffs. Welt pockets at hip. Front zip hidden by a snap button flap.,No,No,$89.90 ,1778
172816,12/20/2023,Aisle,MAN,sweaters,311307250-710-3,TEXTURED SWEATER,Sweater made of 30% wool thread. Round neck and long sleeves. Rib trim.,Yes,No,$69.90 ,1524
198329,9/23/2023,Front of Store,MAN,jackets,323212374-510-2,MIXED COLLAR JACKET,Jacket made of technical fabric with lightly padded interior. Rib high collar. Long sleeves with elastic cuffs. Patch pockets at hip. Front zip closure.,Yes,Yes,$109.00 ,628
159816,6/20/2023,Front of Store,MAN,t-shirts,318255748-250-2,BASIC MEDIUM WEIGHT T-SHIRT,Regular fit T-shirt. Round neck and short sleeves.,Yes,No,$27.90 ,1961
154016,1/11/2023,End-cap,MAN,jackets,328244979-064-48,WOOL BLEND TEXTURED JACKET,Jacket made of wool blend fabric. Pointed lapel collar and long sleeves with buttoned cuffs. Welt pockets at chest and flap pockets at hip. Interior pocket. Back vents. Front double breasted button closure.,Yes,Yes,$189.00 ,2366
123077,2/14/2023,Front of Store,MAN,t-shirts,320671529-802-2,JACQUARD DENIM JACKET,Jacket made of technical fabric with padded interior. Lapel collar and long sleeves with elastic cuffs. Welt pockets at hip and interior pocket. Adjustable drawstring hem. Front snap button closure.,No,No,$109.00 ,1603
112917,4/21/2023,Aisle,,jackets,328303236-420-44,STRETCH SUIT JACKET,Slim fit jacket made of viscose blend fabric. Notched lapel collar. Long sleeves with buttoned cuffs. Welt pocket at chest and flap pockets at hip. Interior pocket. Back vents. Front button closure.,Yes,Yes,$129.00 ,1568
163610,2/23/2023,Front of Store,MAN,shoes,311309627-805-39,MOC-TOE SUEDE BOOTS,Suede leather boots. Ridged seam detail at upper. Lacing with two pairs of eyelets. Welt around upper. Slightly chunky sole.,No,Yes,$89.90 ,2466
,,,,,,,,,,,
147947,10/21/2023,Aisle,MAN,jackets,311297724-700-97,FAUX SHEARLING PLAID JACKET,Jacket made of faux shearling fabric. V-neckline and long sleeves with elastic cuffs. Lined interior with structured mesh fabric. Welt pockets at hip. Adjustable hem with side elastics. Front snap button closure.,Yes,Yes,$89.90 ,1249
187180,3/9/2023,Front of Store,MAN,jackets,312596416-800-2,HOODED TECHNICAL JACKET,Cropped jacket made of technical fabric. Hooded high collar and long sleeves with adjustable snap button cuffs. Front patch pockets with flaps at hips. Adjustable hem with side elastics. Front zip hidden by a snap button flap.,Yes,No,$109.00 ,647
191230,8/1/2023,End-cap,MAN,jackets,311287528-811-2,PATCH BOMBER JACKET,Varsity jacket made of faux suede fabric. Double welt pockets at hip and interior pocket. Front and back contrasting patch appliqués and embroidery. Rib trim. Front snap button closure.,No,No,$169.00 ,966
135610,1/3/2024,Aisle,MAN,jackets,321501682-800-2,WOOL BLEND JACKET,Jacket made of wool blend fabric. Lapel collar and long sleeves. Welt pockets at hip and interior pocket. Rib trim. Front zip closure.,Yes,Yes,$109.00 ,1513
126806,4/4/2023,End-cap,MAN,jackets,330290387-401-2,POCKET OVERSHIRT,Relaxed fit overshirt made of 25% wool fabric. Lapel collar and long sleeves with buttoned cuffs. Patch pocket at chest and side pockets at hip. Front button closure.,Yes,Yes,$109.00 ,2404
189349,12/23/2022,End-cap,MAN,jackets,317107014-707-2,TEXTURED WEAVE OVERSHIRT,Relaxed fit overshirt. Lapel collar and long sleeves with buttoned cuffs. Side hidden in-seam pockets. Front button closure.,No,Yes,$89.90 ,1245
120228,1/28/2023,End-cap,MAN,jackets,327116625-505-2,100% FEATHER FILL PUFFER JACKET,Puffer vest made of technical fabric. Fill is a blend of 60% down and 40% feather. Sleeveless design with high collar. Zip pockets at hip and interior pocket. Adjustable hem with side elastics. Front snap button closure.,No,No,$89.90 ,2347
194339,5/7/2023,End-cap,MAN,jackets,311302863-800-2,FAUX SUEDE JACKET,Lapel collar jacket with long sleeves with buttoned cuffs. Flap pockets at chest and welt pockets at hip. Front button closure.,No,No,$169.00 ,1792
125409,4/8/2023,End-cap,MAN,jackets,330290360-427-3,POCKET DENIM JACKET,Slightly cropped denim jacket. Lapel collar and long sleeves with buttoned cuffs. Flap patch pocket at chest and side hip. Washed effect. Front button closure.,No,Yes,$89.90 ,2040
151396,3/17/2024,Front of Store,MAN,jackets,323134418-800-3,CROPPED LEATHER JACKET,Leather jacket. Cropped length. Lapel collar and long sleeves. Front hidden in-seam pockets. Front zip closure.,Yes,Yes,$439.00 ,729
190238,3/8/2024,Front of Store,MAN,jackets,328279967-409-3,ACID WASH DENIM JACKET,Jacket made of cotton denim. Lapel collar and long sleeves with buttoned cuffs. Patch pockets at chest and side pockets at hip. Washed effect. Front zip closure.,Yes,No,$89.90 ,1917
183074,1/29/2024,Aisle,MAN,jackets,320449897-427-2,BOXY FIT DENIM JACKET,Boxy fit jacket. Lapel collar and long sleeves with buttoned cuffs. Patch pockets at hip. Washed effect.Asymmetric hem with side vents. Front button closure.,No,No,$89.90 ,2791
199368,12/11/2023,Front of Store,,jackets,336821611-706-2,WOOL BLEND JACKET,Lapel collar jacket with long sleeves with buttoned cuffs. Chest patch pockets and welt pockets at hip. Front button closure.,Yes,No,$139.00 ,1061
176666,3/26/2024,Aisle,MAN,shoes,313381662-202-39,MULTI-PIECED RETRO SNEAKERS,Sneakers. Upper in a combination of pieces and colors. Lacing with six pairs of eyelets. Textured chunky soles. Retro style.,No,Yes,$45.90 ,2852
